type,name
first,Aldric
first,Alaric
first,Ansel
first,Arden
first,Aric
first,Ashton
first,Baldwin
first,Barnaby
first,Bartholomew
first,Bastian
first,Benedict
first,Beric
first,Bran
first,Branwen
first,Brennan
first,Bryce
first,Cadmon
first,Caius
first,Calder
first,Caspian
first,Cassian
first,Cedric
first,Corwin
first,Cuthbert
first,Dalton
first,Darius
first,Declan
first,Derrick
first,Dorian
first,Drake
first,Duncan
first,Eamon
first,Edmund
first,Edric
first,Elias
first,Emeric
first,Ewan
first,Fenwick
first,Finnian
first,Florian
first,Gareth
first,Garrick
first,Gawain
first,Gideon
first,Godfrey
first,Gunnar
first,Hadrian
first,Halden
first,Harlan
first,Hector
first,Hobart
first,Hugo
first,Ignatius
first,Ivor
first,Jasper
first,Jerrick
first,Jorund
first,Kellan
first,Kendrick
first,Lachlan
first,Leander
first,Leofric
first,Lionel
first,Lucan
first,Magnus
first,Marcus
first,Merrick
first,Milo
first,Moray
first,Neville
first,Niall
first,Oberon
first,Osric
first,Oswin
first,Percival
first,Peregrine
first,Quentin
first,Radulf
first,Rafe
first,Reynard
first,Roderick
first,Rolf
first,Rowan
first,Silas
first,Soren
first,Stellan
first,Tancred
first,Thaddeus
first,Theron
first,Tobias
first,Torin
first,Tristan
first,Ulric
first,Valen
first,Wallace
first,Warrick
first,Wystan
first,Zephyr
first,Adela
first,Aelwen
first,Alys
first,Amara
first,Aveline
first,Beatrix
first,Brenna
first,Briar
first,Brynn
first,Cecily
first,Celia
first,Clarice
first,Cordelia
first,Daria
first,Delphine
first,Edda
first,Elara
first,Eleanor
first,Elowen
first,Elspeth
first,Emmeline
first,Esme
first,Eowyn
first,Fenella
first,Fiora
first,Freya
first,Gwenyth
first,Gwendolyn
first,Hazel
first,Helena
first,Hester
first,Ingrid
first,Isolde
first,Ivy
first,Jocelyn
first,Kestrel
first,Lenora
first,Linnea
first,Lyra
first,Maeve
first,Marian
first,Maud
first,Mirabel
first,Morwenna
first,Nerys
first,Nimue
first,Odette
first,Ophelia
first,Perdita
first,Petra
first,Philippa
first,Rhosyn
first,Rosalind
first,Rowena
first,Sabine
first,Seraphina
first,Sigrid
first,Sorcha
first,Sybil
first,Tamsin
first,Thea
first,Ursula
first,Vesper
first,Wilhelmina
first,Winifred
first,Ysolde
first,Zara
last,Ashdown
last,Ashford
last,Blackthorn
last,Bramble
last,Brightwater
last,Brookes
last,Cinderfield
last,Coldwater
last,Copperfield
last,Crowhurst
last,Dawnbreaker
last,Deepwood
last,Drummond
last,Duskmantle
last,Eastwick
last,Emberly
last,Fairweather
last,Farrow
last,Fenwright
last,Fireside
last,Flintlock
last,Foxglove
last,Frostmere
last,Galloway
last,Gravesend
last,Greymane
last,Hallowell
last,Hartwell
last,Hawthorne
last,Highcastle
last,Holloway
last,Ironside
last,Kingsley
last,Lakeshore
last,Larkspur
last,Longbow
last,Lowell
last,Marlowe
last,Mistral
last,Moorland
last,Morrow
last,Nightingale
last,Northcott
last,Oakheart
last,Oldcastle
last,Pembroke
last,Penhallow
last,Quickwater
last,Ravenscroft
last,Redfern
last,Ridley
last,Rookwood
last,Rushmore
last,Saltmarsh
last,Shadowfen
last,Silverbrook
last,Stormwind
last,Stonehelm
last,Strand
last,Summerfield
last,Swiftwater
last,Thornwood
last,Thistledown
last,Tidewater
last,Trueblood
last,Underhill
last,Valemont
last,Wakefield
last,Warwick
last,Waterstone
last,Westfall
last,Whitlock
last,Wildmoor
last,Winterbourne
last,Wolfsbane
last,Wrenfield
last,Yarrow
last,Yewdale
